Title,Info,link to the image
AC Marriott, 1712 Commerce 214-290-0111 Main Street District, https://downtowndallas.com/wp-content/uploads/2018/09/AC-Marriot.jpg
Adolphus Hotel, 1321 Commerce St 214-742-8200 Main Street District, https://downtowndallas.com/wp-content/uploads/2018/09/Adolphus.jpg
Aloft ,1033 Young Street 214-761-0000 Civic Center Info Celebrate your style in the central business district. Aloft Dallas Downtown's loft-inspired design is just steps from City Hall and the Dallas Convention Center,, with easy access to the American Airlines Center,, Arts District,, and much more!, https://downtowndallas.com/wp-content/uploads/2018/09/Aloft.jpg
Belmont Hotel, 901 Fort Worth Av 214-393-2300 Trinity Groves, https://downtowndallas.com/wp-content/uploads/2018/09/Belmont.jpg
Cambria Hotel, 1907 Elm St 214-220-2900 Main Street District, https://downtowndallas.com/wp-content/uploads/2018/09/Cambria.jpg
Canopy by Hilton, 2950 Cityplace West 214-522-2929 Uptown, https://downtowndallas.com/wp-content/uploads/2018/09/Canopy.jpg
Courtyard by Marriott, 310 S Houston St. 214-238-6589 Main Street District, https://downtowndallas.com/wp-content/uploads/2018/09/Courtyard-by-marriot.jpg
Crowne Plaza Dallas, 1015 Elm Street 877-270-1393 Main Street District Info Ideally situated in the heart of downtown,, the Crowne Plaza® Hotel Dallas - Downtown provides travelers a home base with a short walk to the Dallas Convention Center and just six miles from Love Field Airport., https://downtowndallas.com/wp-content/uploads/2018/09/crowne-plaza-dallas-e1546627876794.jpeg
Dallas Marriott Downtown, 650 North Pearl St. 214-979-9000 Main Street District, https://downtowndallas.com/wp-content/uploads/2018/09/Lobby_JPG.jpg
Element by Westin, 4005 Gaston 469-399-1049 Old East Dallas, https://downtowndallas.com/wp-content/uploads/2018/09/Element.jpg
Fairfield Inn, 555 S Ervay Civic Center, https://downtowndallas.com/wp-content/uploads/2018/09/Fairfield-inn.jpg
Fairmont Hotel, 1717 North Akard Str 214-720-2020 Dallas Arts District, https://downtowndallas.com/wp-content/uploads/2018/09/Fairmont.jpg
Hall Arts Hotel, 2323 Ross Ave 214-269-9535 Dallas Arts District Visit Site, https://downtowndallas.com/wp-content/uploads/2018/09/Hall-arts.png
Hampton Inn & Suites Dallas Downtown, 1700 Commerce Street 214-290-9090 Main Street District, https://downtowndallas.com/wp-content/uploads/2018/09/hampton-inn-suites-dallas.jpg
Hilton Garden Inn Downtown Dallas, 1600 Pacific Ave 214-299-8982 Main Street District, https://downtowndallas.com/wp-content/uploads/2018/09/HIlton-garden-inn.jpg
Home 2 Suites by Hilton, 3301 Gaston 214-765-2690 Old East Dallas, https://downtowndallas.com/wp-content/uploads/2018/09/home2-suites-by-hilton.jpg
Homewood Suites, 1025 Elm Street 214-748-4000 Main Street District, https://downtowndallas.com/wp-content/uploads/2018/09/Homewood.jpg
Hotel Indigo, 1933 Main Street 214-741-7700 Main Street District Info Hotel Indigo is your urban oasis,, just steps from the city's business district,, shopping,, dining and entertainment., https://downtowndallas.com/wp-content/uploads/2018/09/Hotel-indigo.jpeg
Hotel Saint Germain, 2516 Maple Avenue 214-871-2516 Uptown, https://downtowndallas.com/wp-content/uploads/2018/09/hotel-st-germain.jpg
Hotel ZaZa, 2332 Leonard Street 214-468-8399 Uptown, https://downtowndallas.com/wp-content/uploads/2018/09/Hotel-zaza.jpg
Hyatt Regency Dallas, 300 Reunion Blvd 214-651-1234 Reunion District, https://downtowndallas.com/wp-content/uploads/2018/09/Hyatt_Regency_Dallas-e1546627838881.jpg
La Quinta (Hotel Lawrence), 302 South Houston Street 214-761-9090 Reunion District, https://downtowndallas.com/wp-content/uploads/2018/09/la-quinta.jpg
Lorenzo Hotel, 1011 S Akard 214-273-3000 The Cedars, https://downtowndallas.com/wp-content/uploads/2018/09/lorenzo-hotel.jpg
Magnolia Hotel, 1401 Commerce Street 214-915-6500 Main Street District, https://downtowndallas.com/wp-content/uploads/2018/09/Magnolia.jpg
Marriott Residence Inn, 1712 Commerce 214-290-0122 Main Street District, https://downtowndallas.com/wp-content/uploads/2018/09/Marriott-Residence.jpg
Marriott Towneplace, 555 Evergreen Street 214-749-5155 Civic Center Visit Site, https://downtowndallas.com/wp-content/uploads/2018/09/Marriott-Towneplace.jpg
Nylo Dallas South Side, 1325 South Lamar 214-421-1080 The Cedars, https://downtowndallas.com/wp-content/uploads/2018/09/Nylo.jpg
Omni Dallas Convention Center Hotel, 555 South Lamar Stre 214-744-6664 Civic Center, https://downtowndallas.com/wp-content/uploads/2018/09/Omni-e1546627812676.jpg
Pittman Hotel, 2551 Elm St. 469.498.2500 Deep Ellum Visit Site, https://downtowndallas.com/wp-content/uploads/2018/11/110608-View-to-downtown-resized-Aerial-Photos-June-8-2011-61.jpg
Ritz Carlton, 2121 McKinney Avenue 214-922-0200 Uptown, https://downtowndallas.com/wp-content/uploads/2018/09/ritz-carlton.jpg
Rosewood Crescent Hotel, 400 Crescent Court 214-871-3200 Uptown, https://downtowndallas.com/wp-content/uploads/2018/09/Rosewood.jpg
Sheraton Dallas, 400 Olive Street 214-922-8000 Main Street District, https://downtowndallas.com/wp-content/uploads/2018/09/sheraton.jpg
Springhill Suites, 1907 N. Lamar Street 214-999-0500 West End Historic District, https://downtowndallas.com/wp-content/uploads/2018/09/Springhill.jpeg
The Guild Hotel Downtown, 1601 Elm St. (512) 623-7480 Dallas Arts District Visit Site, https://downtowndallas.com/wp-content/uploads/2018/09/Klyde_Warren_Park_SF8mfHpHwMcKDysv55XUPzt18q0ABlZBh_rgb_l-e1546906453840.jpg
The Guild Hotel Victory Park, 3111 North Houston St. (512) 623-7480 Victory Park Visit Site, https://downtowndallas.com/wp-content/uploads/2018/11/110608-View-to-downtown-resized-Aerial-Photos-June-8-2011-61.jpg
The Joule, 1530 Main St. 214-748-1300 Main Street District, https://downtowndallas.com/wp-content/uploads/2018/09/The-Joule.jpg
The Statler, 1914 Commerce 214-459-3930 Main Street District, https://downtowndallas.com/wp-content/uploads/2018/09/The-Statler.jpg
The Stoneleigh, 2927 Maple Avenue 214-871-7111 Uptown, https://downtowndallas.com/wp-content/uploads/2018/09/The-Stoneleigh.jpg
Thompson Dallas, 205 N Akard St. 469-320-1234 Main Street District Visit Site, https://downtowndallas.com/wp-content/uploads/2018/11/JT-image-for-the-STD3-e1546905933386.jpg
TownePlace Suites, 555 Evergreen Street (214) 749-5155 Dallas Farmers Market, https://downtowndallas.com/wp-content/uploads/2018/11/110608-View-to-downtown-resized-Aerial-Photos-June-8-2011-61.jpg
W Dallas – Victory, 2440 Victory Park La 214-397-4100 Victory Park, https://downtowndallas.com/wp-content/uploads/2018/09/w-Dallas.jpg
Westin Dallas Downtown, 1201 Main Street 972-584-6650 Main Street District, https://downtowndallas.com/wp-content/uploads/2018/09/Westin.jpg
